{
  "picking_sides": {
    "llama3b": 0.0,
    "llama8b": 1.0,
    "qwen3b": 0.1592039800995025,
    "qwen7b": 0.1890547263681592,
    "qwen14b": 0.263681592039801,
    "qwen32b": 0.0945273631840796
  },
  "sycophant_with_knowledge": {
    "llama3b": 0.5797170558105187,
    "llama8b": 1.0,
    "qwen3b": 0.0,
    "qwen7b": 0.8165070027855464,
    "qwen14b": 0.49807322126546577,
    "qwen32b": 0.4770831651558908
  },
  "agreement_rate": {
    "llama3b": 0.16666666666666663,
    "llama8b": 1.0,
    "qwen3b": 0.0,
    "qwen7b": 0.8888888888888887,
    "qwen14b": 0.5555555555555555,
    "qwen32b": 0.11111111111111102
  },
  "confident_sycophancy": {
    "llama3b": 0.8973840247338033,
    "llama8b": 1.0,
    "qwen3b": 0.0,
    "qwen7b": 0.3788346955905189,
    "qwen14b": 0.10589858978364527,
    "qwen32b": 0.1657652689889717
  }
}