{ 
"llama3b": 0.123541,
"llama8b": 0.224213,
"qwen3b":  0.448442,
"qwen7b":  0.403937,
"qwen14b": 0.721266,
"qwen32b": 0.598195
}